"","metabolite","colors"
"1","00056bcaf3eb04f1d988da98936bc1d5","turquoise"
"2","01678bcea2b58f4934ca047a3d8d6b97","turquoise"
"3","01bd3fe94455ce451ccbe6fc57069261","turquoise"
"4","031bc75c4d162ff7bc8bf302eb73565d","green"
"5","034640392fd761ca55a00036940c73c1","blue"
"6","048321e811e39faa7203a044f5b374ce","brown"
"7","049e9985c738df5d534704373d2e90e9","grey"
"8","060045d7682d9df6168c3146fa0967e4","turquoise"
"9","070509adb6a8c7f66ceb5a3c5a981c8a","turquoise"
"10","08029cb9a88951ea50b93d0a9e210af2","turquoise"
"11","086585ab0654c55c3536a3b17977f340","turquoise"
"12","0a1775972227f8203c8b7601b5ee5af7","blue"
"13","0a2a1ed7a26ad20fd32c3f112f9bce81","turquoise"
"14","0a823fd294075990a4080100d7562a1c","turquoise"
"15","0abdb5e26045c78f084f4bf2713cbf33","yellow"
"16","0aeb72e1e54285fe1d3b4d69cc774cf8","turquoise"
"17","0aeec48b8fb67093bcb47a844c91d0d4","turquoise"
"18","0b162ce62286b5bc182e903c1c51c58d","turquoise"
"19","0b21d80d1f89bc30d915fff4b7741731","blue"
"20","0b820f96dda41afd6d433a7b1234de94","turquoise"
"21","0cdef895b9b57b30365ccfea3fb0fb98","turquoise"
"22","0cf57c36f015582c5f41d85dc63678ed","turquoise"
"23","0eca354b66484f0c52da116f1ebe0bfa","turquoise"
"24","100e039fcf15e05226be0a807cbcc627","turquoise"
"25","10d48e390e0a1f0ae7fbe497f944e4b7","red"
"26","10e5a1737cf7d95a92d51a5f3ce99add","turquoise"
"27","11725fa1ccba01e0b421521a8278c4e9","green"
"28","12ad92c33b307bfdf509d684b9f2fa14","turquoise"
"29","1357c3aa1b8ab3debd38b96ad1787d01","turquoise"
"30","14530046d9e990a2f0fa52bc532003ad","turquoise"
"31","1492f7055396c89a9efba8282da334d4","grey"
"32","1505a548e433fc399176c1c4732713e0","turquoise"
"33","166e73cc80d4042d1f4c923db56fd924","turquoise"
"34","16abf950398f5c26d7a83e2c47c35c20","turquoise"
"35","1925d431b9d4df59043f52983e747671","red"
"36","19a1c46bcf07a0eab8525e09a1844112","turquoise"
"37","19e33db1ab79a4d1f264333c5a983b79","turquoise"
"38","1a54c02a87b572e73564f6ce8182e192","green"
"39","1b36dcb100265ef492b2651e68fdca1e","turquoise"
"40","1b9b2c29f601cda27b52316d150b10f1","turquoise"
"41","1cc57818dc10dfbe0c44cf2c3ccd5714","turquoise"
"42","1e38bcce11dfc0a55620c4f6a317b547","turquoise"
"43","1e3c86d80976aef669c18da7b4a5e1ef","brown"
"44","2041447fd98a70ab535e2ce40ef988a3","yellow"
"45","2055eb26eb5fe3d4fac2d9b51366bb0d","turquoise"
"46","2160a557aebea67b49d2aa57a5e6902f","turquoise"
"47","219ae21f321364e8fb2f83d82fe9b22a","turquoise"
"48","2263102ff78929e8965a650c276b888e","turquoise"
"49","2275abcf0f25a863d6174c7ac165e759","turquoise"
"50","228e5bdfe0aa709095a2f688724d7767","turquoise"
"51","23535f66a867a6ccd6da626a0f31dd5c","turquoise"
"52","23e2400d78108ea874d84eb112b65afe","blue"
"53","243613790fd8a0b13a6e0e96836a7e49","red"
"54","258d835a10d9c7672cbc055dc882d683","turquoise"
"55","260d08fee1d28cb66e73473a07389044","turquoise"
"56","26bd75b4b7bd76cf582f304494bf1e1a","turquoise"
"57","26d5b41dd48776484c863a05faf3f2b1","turquoise"
"58","27319161c39e618a5b57f48b4510a903","turquoise"
"59","2803b661df0847eb6087dc3fecc1c0fa","turquoise"
"60","285c246210326467cebf973e39de4c4b","turquoise"
"61","29d9a136c40bdbb509e14f268488370f","blue"
"62","2a4811d4964e4798ff7257e923c29999","grey"
"63","2acf6baf2e29c18e8fb33ed9007dbcc7","turquoise"
"64","2beb56080cfe7c5c819243a9e09b11ea","turquoise"
"65","2cb9fbacc5946fa230b27bfbe5abb9a1","grey"
"66","2d392ae3b96f626203ee9f01d24191d5","turquoise"
"67","2dc5a0dbfb6613825e45889bd6bfda05","turquoise"
"68","2fcac9963357a409f986235e5799fa7e","turquoise"
"69","30273a01e2f871752acf1dfd9364b74e","turquoise"
"70","30c48a661e051c9f7022f881c8ee2761","turquoise"
"71","31d55184a3e695a53d74c0d606658577","blue"
"72","31ed1d03be907717199d50b9a58046d3","brown"
"73","32facb1052b679b352451d2d29f72bb4","turquoise"
"74","33cdb2d178b58cef3aa31442c484bdeb","turquoise"
"75","33f990efec41e9a54193446b0ec2e0b6","turquoise"
"76","34833c5e758825dfd60240fa8ce2ee50","turquoise"
"77","34a35d1c9e1446100a5fab7b24ab8181","green"
"78","34f6fc954d993f90ccbc3c490e09b54b","turquoise"
"79","351689a6518d0ff0dcdcf0c8d4716821","turquoise"
"80","354fad405f5e1dde1fe20ce6c6d8f5bf","turquoise"
"81","35a0eb4b2b5be01f38f5a692222650cb","turquoise"
"82","35c908e555dfb3ab221f68183fd21d5b","turquoise"
"83","36bcf44850a9abaa03ef2ee725ec765e","red"
"84","376e40d97ea420be2d8a068ae67dd841","yellow"
"85","380f2e9d54af3c7fd8090503d65306e7","turquoise"
"86","389311edfac9459fc972d6c746eb20dc","turquoise"
"87","395a6718d9bc2fc3c78ca504e45cc56a","turquoise"
"88","3b69b863dfbd59dde298719e7f978281","blue"
"89","3bef82ecab49f45ea30d57a4c26ef5c6","blue"
"90","3c88917286cd7791afc8f91df91fb4ec","turquoise"
"91","3ce427fa47c24e12eef69c9fd86191e4","turquoise"
"92","3d3670c019e3d375675001f846e23cf8","turquoise"
"93","3dcb4b820f0c54ac3b4934c275a07285","turquoise"
"94","3eb58b59d1e08d00887338a5d28e8c83","blue"
"95","3ee5eefceef67d849cd10fe0309a23a2","turquoise"
"96","459bf58ca2c838be2859909166f4bd8e","turquoise"
"97","4628a235f12ab9377779369e06d0e8a2","turquoise"
"98","46eae22b0f5df3d9eb1c1b6b4d0979ed","turquoise"
"99","47394af1100e242abbd1e1ce09b2becc","turquoise"
"100","4747335cf6e50932897fcbb0c5fc0516","grey"
"101","47c0cbbc8f2c445fd8af445c4785f491","yellow"
"102","4823eac7ade162ce9408f4531787234a","blue"
"103","48d533457182cf37fefbe0eccc6370cd","turquoise"
"104","49657fd0f66dc0c9fadb7a76a4c4438d","red"
"105","4a492bbd72d7464be900afeed3ffd4aa","turquoise"
"106","4a617471e7e9ef87a5dddaec1652f5f6","turquoise"
"107","4a7a37ca8fd0ffe04b87dc50e0ed8f0b","brown"
"108","4b294e372996ce9891086169c9d116d1","blue"
"109","4c241f0f7beb058db097f64adf1d3627","blue"
"110","4ca05e440fbf904bcec6acaa6419e3a3","turquoise"
"111","4cc7061fcd5b4fcd48680f734e8ded06","turquoise"
"112","4ea7a79e165ab1c732031f61816c74f9","red"
"113","4f7fbe4848d84527f943e630ece80f51","blue"
"114","4f927c7366d53faf412833b101cea313","blue"
"115","4fefd3ddfb9c3de1651ad4517ab91a96","turquoise"
"116","50c4567910430a7cbcc0799315924ec9","turquoise"
"117","5104685e3547f7889857673344d304ac","turquoise"
"118","51dc99c17003ba96c565497f74b8f0c3","turquoise"
"119","523f9e162966438a4d1482831f020cbe","blue"
"120","5268086404e1106c712345726e894f06","turquoise"
"121","54f1d056a621d6e6a69199326f1ac0af","turquoise"
"122","550df12bc561cff4b34e144d5fe55b7f","grey"
"123","5546963851c6b0f0b185726892ee7b2e","turquoise"
"124","556d91e7b33fd7c4952b60195f6f1c6e","turquoise"
"125","557c5907122a1325bd3ac1edb14efe38","turquoise"
"126","559615ddb1e1b56c99be8558f837413e","turquoise"
"127","55a12fedf271f6ca56a10005e549282f","turquoise"
"128","56443aa3849f20e0bea2762c5e2cb82a","blue"
"129","56a2e3facead91fffcf31dc7f8f1fa93","red"
"130","5722566b201a860939f1b187eb4f520c","turquoise"
"131","5a9ee2ed397c2b782c08eae71112d95e","turquoise"
"132","5d4fc8b6a0726b0f1257921addf300c1","turquoise"
"133","5dc03b7daeff725048cba59d46f2c2a8","turquoise"
"134","5ee190ed330717c4a1b357163fc2ff6f","yellow"
"135","5f2406154fc8ef0127f3bcc3bf4cbed0","yellow"
"136","604a0baf6202574af957de3e97a21ee4","turquoise"
"137","611067f0419045098022d750354f6eb0","turquoise"
"138","6393bd2a0e1fcff21daabf209a453e2d","turquoise"
"139","63ecc85e440b61b3115b0a1c539978a1","turquoise"
"140","6438276173cd7879f7052ec547b7bba3","turquoise"
"141","6582092bffb7e5b250c16242d0c0f297","blue"
"142","65f8c08744d226a31ae67881eb1e898d","turquoise"
"143","677623cd58f63210d5b2d809274c3776","turquoise"
"144","677fa5eead25107508528d46f9ecee67","turquoise"
"145","67b469c82d644c5f5b0eafdb81649fd3","turquoise"
"146","67bb862afaef8edd652dce5d5aa2c380","turquoise"
"147","67f85d806ac0501ddf2ab5a6e6a8a1ec","turquoise"
"148","68419107dd2c1d6cabda9631e27db1d0","turquoise"
"149","6bb4c622de42f5a91520ce0cfc2b56a8","grey"
"150","6c2469877476869511d078391e3bfa97","turquoise"
"151","6c2df82dc9f7d95d2fa26f981a6802fb","turquoise"
"152","6cb9877dd737e2c943bf72ba0f114e30","turquoise"
"153","6de8cf623b5f406ed64ee1246b1be4b4","turquoise"
"154","6e6d0d283f8794d158e9ad7f09960b18","brown"
"155","6fba97dd3b704da519776c439035821b","turquoise"
"156","701e711444ea753c6fb81dd000808050","turquoise"
"157","718884be6ea446cd00077da4d330d8e2","turquoise"
"158","72287196e85710d54e525ec581f86551","turquoise"
"159","7262c184116681974d7c727d1185c0ce","turquoise"
"160","74d2a502e6de0b62163cf27f713c5b9f","grey"
"161","76cc1cd67d19d8dc6e5ee11117ea0e94","blue"
"162","7856700e0ebd0f63ea3ec7d98f7412c5","blue"
"163","78640bc443011a562fac6913243fee61","brown"
"164","792d482e1603901a40b4fc8e5a39e309","turquoise"
"165","7a873bd19ccbedc33503267469ecf5ea","green"
"166","7e8b98d111e47c2dc625166be2f73bf9","turquoise"
"167","7f1d8c4451eb52641f7453c17696bf6c","turquoise"
"168","8091a191742e9d758effa9c221752de5","turquoise"
"169","80dc46738cbb26e77bd9c842d10f8d24","turquoise"
"170","837d73077ea37042794d7c79cbbd55fa","turquoise"
"171","84c0fcf56a322a6a78e8b758a260ef91","blue"
"172","85913f0c497150296299b5868cc81806","turquoise"
"173","85da9063066716b3246cd0ad4f665486","green"
"174","88e66594808c68a86420dd8b72302c3c","blue"
"175","89c938db8d9264a11ad5d9e8453a5f22","turquoise"
"176","8b36aa1bae030e181a2d4e09ded8dbbb","blue"
"177","8c313c9d59fc1697a7b47ed4c536ba45","turquoise"
"178","8cdaa662803d730cd3d608604b8ccc1b","turquoise"
"179","8e3b4c46544d3ace61ed495b6f381464","yellow"
"180","8f824bd0b738c65aa209929ab1666660","turquoise"
"181","8f867561ae62a0498db0c55fb0edc934","turquoise"
"182","8fb522227a33af70c804ebccb2e0aa99","turquoise"
"183","902bd5cc9b3bfd7174cf11aa3c302a1b","grey"
"184","9110148c75a18ea573b3bc9904d05d7a","blue"
"185","911b1952030fcf48e5b8047db1475214","blue"
"186","9135b9c4745d91fdf22b1792a9f7823d","turquoise"
"187","91a41add89cc1956ef72b139fc0dc36a","turquoise"
"188","92878adf27a12a3ddbe6fceb4e3275f6","red"
"189","92a69246923fa2c997c515b0b357e8a0","turquoise"
"190","92b48f8902a01a8e9bd724ceeabc8af9","blue"
"191","93092a331bfaef238235df70f700accb","turquoise"
"192","9319d05e7cc994d94cd1fa91fe58612c","turquoise"
"193","93bbef6c12dff490949e207ce7b57c97","turquoise"
"194","9458b7dad37c46ef77432c07caaaff8a","turquoise"
"195","947a5d4c7ad27a42b75192942695c109","turquoise"
"196","95235d1f076982d8fe7996450249bad7","turquoise"
"197","9567323bb2aba079837b3d6b60688068","turquoise"
"198","965b2e018609a1a0e3cd887a9262426f","turquoise"
"199","965c869e6494d6aa9573bc46b38b0863","blue"
"200","9722db60e77619e7eebb81db4b226f7f","turquoise"
"201","97411ae93db131250771fe2ae897e5cc","turquoise"
"202","99df9369adfdd9d4b907bdd11bdc0e5f","blue"
"203","9a59bd0e9af8ea1de6716142351b7982","brown"
"204","9b174cda29e888577f6942e5dd5aaf6f","brown"
"205","9bbe06fb247b933d10f35a2220a0b5d4","brown"
"206","9bd1c21c7d6c7f881fda334545158df1","turquoise"
"207","9c2d8a17c717cc793fe7af5d37951703","turquoise"
"208","9cd1aa544247e876f4dc6e2e454105ea","turquoise"
"209","9d0aa7542990f0c3061ec3fd7dac6354","yellow"
"210","9d56e90a5fae5721052d961ef7e7d2a5","turquoise"
"211","a0032094ba7a48ae0550c95116ddc542","turquoise"
"212","a003788fdabb27a0c255d291ff751a5c","brown"
"213","a0ba082a7067eefcdc4a672dfea6e41f","turquoise"
"214","a498df6cab3feb774fb9570fd7143c3c","brown"
"215","a5b2419d367b1b532eaaa6468ac875b2","red"
"216","a77bce6df3593ff2cb22310b85096033","turquoise"
"217","a84abbad64d4daea0d5c0b7c86950523","turquoise"
"218","a8ba90ee97d6ed2aa4aa6d6163c1fdca","turquoise"
"219","aa316b1ee29ca229d3b6e3baa3caada1","blue"
"220","ab317db3925865cddca3f29dfa80f665","grey"
"221","ad76d1bbfa002fc908d1d302cdc3ff98","grey"
"222","adccf260fe656dad59e86a6dc8e50f6f","turquoise"
"223","aec3242558de5d1d6e4480ed7c673bf5","turquoise"
"224","b01a71b94a5275a92a815babfb05b506","turquoise"
"225","b09067de9452930758fee710fad8e9d7","turquoise"
"226","b394a77079b74bac5f72a9c3320058b2","turquoise"
"227","b49a1fdc282cd8559dbe092845a63979","turquoise"
"228","b54d0f2c1700cde34216567c74b49403","turquoise"
"229","b65ce84f223f08d06700c147ce8832f2","turquoise"
"230","b79951d6c761e531a05659cb65255bcd","turquoise"
"231","b7d95e87ceb4f61b19f11fa8b601599b","blue"
"232","b7e9f2010a5a4fa0682360f66ce9c810","turquoise"
"233","b8103800f6b00ea71a1868e3723ceba0","green"
"234","b8347a69a4731d052daa6c65010b6db5","turquoise"
"235","baca416990c75e3ce98b889c7cb02f18","grey"
"236","bb04f0db97606a5e716419b3cc77aaaa","turquoise"
"237","bc13a174cdaf04564d81dab5feb338ef","turquoise"
"238","bc37094e8567503408d97a79b5433028","turquoise"
"239","bcc9e067bb7eee3f617966cd1b2ae742","turquoise"
"240","bcf4065e27a7ff738f4a28c9769944ea","turquoise"
"241","bdc8f6b36a8a2ae56de3aee01c55af69","yellow"
"242","be2721ebca88dc5f0b935702dc065cc7","turquoise"
"243","be6d75e0372aa8fc3a06cb6b1c29985f","turquoise"
"244","be76abf907294ba5e27bead6c7a161a5","blue"
"245","bee2c9aa927974a5845c9a4a2b7ebe77","green"
"246","bef2314c96695b0702209b5cf9521182","turquoise"
"247","bf20b4762ad373cacb36a35fba23dcd4","blue"
"248","bfcbae5fb0e96ee86398f66514235023","turquoise"
"249","c0912bf03f31cfacf07ce3462cb611c3","brown"
"250","c0b8ab6e294394f6d6031669e1fa3b0b","turquoise"
"251","c12a7b0b4974a6cdaae3d7530fc0cd41","turquoise"
"252","c265f6ec7200ed1f03f1501c3ae9604b","blue"
"253","c2789cc390cd77132790439ae7102061","turquoise"
"254","c2f46b211c18980df4af0d11cda5eadc","turquoise"
"255","c456a2fc832afed8b60a9dd0c155c5be","blue"
"256","c52404d9a3cd381886113b9c11ed4f51","turquoise"
"257","c5ad7a91d56f32bffe890a9e8e3c4d8f","turquoise"
"258","c5ef917a072bdc88098f92d6e350853f","turquoise"
"259","c60d4ab5e2efadca90143bb7d4415fd1","turquoise"
"260","c619eb858d1b5afd0ac936c3015e5f80","turquoise"
"261","c78e804b52ac7b8857b2c5da1df8d243","grey"
"262","c9bdba35d3acfaad76c53bd137f29d72","turquoise"
"263","ca776f96c9d26b00009fc9f02cf00c44","turquoise"
"264","caf0612ded126d195c789180a7de2c3d","turquoise"
"265","cb19c99d6d857520f32a99de4676baa5","yellow"
"266","cc27e49038ff84139ca6d2fa4b52e643","turquoise"
"267","cd21fbcfd823ac35c94651f7d629befd","blue"
"268","cda0258fe9e46292b58046ac837083c2","turquoise"
"269","cdaba843ddabb1a7d9df4a83524dbc5a","turquoise"
"270","ce0a46308749a783946f1f1b1980b0db","blue"
"271","cea0c70a86c95c56f424b2c317562310","turquoise"
"272","cf2bdc684a33337cad1f52d6a93d1379","blue"
"273","cf3085efff6d57d72944424e6e412633","blue"
"274","d08a6d60f19fa3f79bb2ed9b35026595","blue"
"275","d1282e2f4ff39ec47248bfc92faf3f66","turquoise"
"276","d18d3a541861ad68fd67928cbb1d7056","turquoise"
"277","d21f1b5abbbcc77cb8514d558bf4d27f","yellow"
"278","d23b68d9eee3bed1341715f6df1628cc","turquoise"
"279","d32547df5dc908df00e606c6da6915c2","blue"
"280","d37584acc79096e465d0a04034ff3770","blue"
"281","d5291509461a2bb206d546dce6967315","turquoise"
"282","d581b1c9aaf1a1e3fb9e47820af732eb","turquoise"
"283","d66430d06d45bd83015cd4e272be435e","turquoise"
"284","d6861067b48f2d01275503b2c16560ba","turquoise"
"285","d78e7e3e739ff90bb23f877c1f81a114","grey"
"286","d7c40dfce5467e2a0c850c0e786e501d","grey"
"287","d8a7c2f489c77b107742d89a90ba7096","turquoise"
"288","d9a7074f2c9a6835f091a5c5b5084e6c","blue"
"289","d9b724b50637a3f56b0cb6c95394f479","grey"
"290","db72295f64e8611d108556790d08c723","turquoise"
"291","db75348bf17d7e1827ced201d604fd23","green"
"292","dba177c5454b14919a45c53d874d93f7","turquoise"
"293","dc3f369ac758fe2dfd56624439e7fa96","turquoise"
"294","dcb96508b4db1d9e860541fb68f7b1f5","turquoise"
"295","ddab02a78a21523630eeadbdb6f2df53","turquoise"
"296","ddff848f38eb97ac2ae2c0101fadd1ba","brown"
"297","deac0311f08ab572edf5c03a072cc470","turquoise"
"298","df015bfa17b41b4ceceab90aedfb11ff","turquoise"
"299","e08aed2387f8d8d3b7719d1e248fa978","turquoise"
"300","e11fdf527f03f7ec134b433adbec83a4","turquoise"
"301","e15ec9eb089df2cdaa7021b948f08452","grey"
"302","e1fa77b8622d102b4f0ea7f5b64183ab","grey"
"303","e24915f872b88560d3125baa84296d23","brown"
"304","e2e15c0e23ff661c7aeb2e444db8f45b","turquoise"
"305","e30241afb5c9e652ff7f1d838be9093a","turquoise"
"306","e3b66475404fea0a967dabb487e759f7","green"
"307","e4b2d0bf5cd2e2db288832c50a640cfb","turquoise"
"308","e5087041292954306387f0f8d4ea6a20","turquoise"
"309","e7c659a8042dca810b02c0336c263240","turquoise"
"310","e88936548502e3b4077282ba9c540efe","blue"
"311","e8e4563c66c74f86c0d84c1cf2148712","turquoise"
"312","ea442c93c7f8208e7cb8c77a9bedd2c2","turquoise"
"313","eb7eacb05232f21178e81631063006b9","turquoise"
"314","ebb7b5d58b0bff49fa92e43d879b24c9","green"
"315","ecc2e4e4f7de67f159627578df34d15d","turquoise"
"316","ed8428135e4ecbe8b7d7216c29fb9769","turquoise"
"317","ede6f8ab074b682d1dd8458a8ad83b55","turquoise"
"318","ef075a177e6557c1fa39327e961f4632","blue"
"319","f3c8a0064b1e822efb6637b3fda8cd52","grey"
"320","f45b2788b3aee8e886b774781aed255c","turquoise"
"321","f53e322e93c971e1fffb599a49f45769","turquoise"
"322","f5ac29b7a636823436ab6c2963a874d1","turquoise"
"323","f63c6aad20ccc0bc4e4fcf08d4391d72","turquoise"
"324","f8c9d211480e3433459b40479a7e08d1","turquoise"
"325","fbfad8277b30bdc1106985ba329f6688","yellow"
"326","fc69caa4e538a10f9909125e58dcf3e7","turquoise"
"327","fcf92ee895911775032f63c36e56934a","brown"
"328","fd09f3bcbb086c79b4d1243aefee40e0","turquoise"
"329","fdafb032a5ff3bf2da7f16976377f717","blue"
"330","fdda10f16b7194164d3afccfe3272f53","turquoise"
"331","fe828de89def1061fe1331b2a4b39c11","blue"
"332","ffe5ab717bc0d1c1a6d5a2511a416836","turquoise"
